Bangalore Bird Race 2011 Results : Bangalore Bird Race,,,,,,,,,,,,,,,,,,,,,,,,,,,,,,,,,,,,,,,,,,,,,,
,,,,,,,,,,,,,,,,,,,,,,,,,,,,,,,,,,,,,,,,,,,,,,
,Bangalore Bird Race 2011 - Overall Results,,"NB: totals shown are in the form ""number of species seen/number unconfirmed""",,,,,,,,,,,,,,,,,,,,,,,,,,,,,,,,,,,,,,,,,,,
,Species,Species Name,Scientific Name,Total,Teams,Bengaluru Kites,Black Eagle,JP Nagar Tytonids,Oriental White Eye,Malabar Trogon,Indian Roller,Vultures,Goobegalu,Minchulli,Indian Robin,Paradise Flycatcher,Caspian Tern,Crested Bunting,Grey Junglefowls,Hornbill,Owlets,Harriers,Scimitar Babblers,Wryneck,Osprey,Black-shouldered Kites,Black Stork,Siberian Crane,Brahminy Kite,Nightjar,Coucal,Bonelli's,Spiderhunters,Pied Harrier,Shikra,Leafbirds,Ravens,Black Baza,Ashy Drongo,Whitethroat,Red-headed Trogon,Peregrine,Pittas,Plovers,Fish Eagles,
,,,,238/13 [3],40,75/0,118/6,124/0,84/1,99/2,100/1,61/0,108/3,65/1,131/5,76/1,131/1,104/2,96/0,57/0,69/1,118/1,96/4,110/1,52/1,78/0,120/3,114/2,63/0,90/0,71/3,90/3,89/5,151/1,61/3,100/0,99/2,115/2,81/3,120/0,77/0,55/0,85/0,108/3,110/0,
,,,,,,,,,,,,,,,,,,,,,,,,,,,,,,,,,,,,,,,,,,,,,,
,,,,,,,,,,,,,,,,,,,,,,,,,,,,,,,,,,,,,,,,,,,,,,
,BABBLER,,,,,,,,,,,,,,,,,,,,,,,,,,,,,,,,,,,,,,,,,,,,,
,Puff-throated (Spotted),Puff-throated Babbler,Pellorneum ruficeps,14,35%,,,,,1,,,1,,,,,,1,,,,1,1,,1,1,1,,,,1,,1,,,1,1,1,,,,,1,,
,Indian Scimitar,Indian Scimitar Babbler,Pomatorhinus horsfieldii,5,13%,,,,,,,,,,,,,,,,,,1,,,,1,1,,,,?,,1,,,,1,,,,,,,,
,Tawny-bellied,Tawny-bellied Babbler,Dumetia hyperythra,18,45%,,,,1,1,,,1,,1,,1,,1,,,,1,1,,1,1,1,,1,,1,,1,,,,1,1,1,,,,1,,
,Yellow-eyed,Yellow-eyed Babbler,Chrysomma sinense,13,33%,,1,1,1,,1,,,,1,,1,,,,,,,,1,,1,1,,,,,,,,1,,1,,1,,,1,,,
,Common,Common Babbler,Turdoides caudata,8,20%,1,,,1,,,,,,,1,,1,,,,,?,,1,,,,,,,,1,,?,,,,,,1,,,1,,
,Large Grey,Large Grey Babbler,Turdoides malcolmi,13,33%,1,,1,,,,,,1,,,,,,,,1,,1,,,,1,,1,1,,1,1,,1,,1,,,,,,,1,
,Jungle,Jungle Babbler,Turdoides striata,17,43%,,?,1,,,1,1,1,,1,?,1,1,,,,1,?,,,,1,1,,,,?,?,1,,1,1,1,1,,,,1,1,,
,Yellow-billed (White-headed),Yellow-billed Babbler,Turdoides affinis,29,73%,,1,1,1,1,1,,1,,1,1,1,1,1,1,,1,1,1,,,1,1,,1,?,,,1,1,1,1,1,1,1,1,1,,1,1,
,BARBET,,,,,,,,,,,,,,,,,,,,,,,,,,,,,,,,,,,,,,,,,,,,,
,Brown-headed (Large Green),Brown-headed Barbet,Megalaima zeylanica,?,,,,,,,,,,,?,,,,,,,,,,,,,,,,,,,,,,,,,,,,,,,
,Coppersmith (Crimson-breasted),Coppersmith Barbet,Megalaima haemacephala,38,95%,1,1,1,,1,1,1,1,1,1,,1,1,1,1,1,1,1,1,1,1,1,1,1,1,1,1,1,1,1,1,1,1,1,1,1,1,1,1,1,
,White-cheeked (Small Green),White-cheeked Barbet,Megalaima viridis,40,100%,1,1,1,1,1,1,1,1,1,1,1,1,1,1,1,1,1,1,1,1,1,1,1,1,1,1,1,1,1,1,1,1,1,1,1,1,1,1,1,1,
,BEE-EATER,,,,,,,,,,,,,,,,,,,,,,,,,,,,,,,,,,,,,,,,,,,,,
,Blue-bearded,Blue-bearded Bee-eater,Nyctyornis athertoni,7,18%,,,,,,,,,1,1,1,1,,,,,,,,,,,1,,,,,,,,,,1,,1,,,,,,
,Small Green,Green Bee-eater,Merops orientalis,40,100%,1,1,1,1,1,1,1,1,1,1,1,1,1,1,1,1,1,1,1,1,1,1,1,1,1,1,1,1,1,1,1,1,1,1,1,1,1,1,1,1,
,Blue-tailed,Blue-tailed Bee-eater,Merops philippinus,3,8%,,,,,,,,,,,,,,,,,,,,,,,1,1,,,,?,,,,,1,,,,,,,,
,European,European Bee-eater,Merops apiaster,,,,,,,,,,,,,,,,,,,,,,,,,,,,,,,,,,,,,,,,,,,
,Chestnut-headed,Chestnut-headed Bee-eater,Merops leschenaulti,?,,,,,,,,,,,,,?,,,,,,,,,,,,,,,,,,,,,,,,,,,,,
,BITTERN,,,,,,,,,,,,,,,,,,,,,,,,,,,,,,,,,,,,,,,,,,,,,
,Yellow,Yellow Bittern,Ixobrychus sinensis,,,,,,,,,,,,,,,,,,,,,,,,,,,,,,,,,,,,,,,,,,,
,Cinnamon,Cinnamon Bittern,Ixobrychus cinnamomeus,,,,,,,,,,,,,,,,,,,,,,,,,,,,,,,,,,,,,,,,,,,
,Black,Black Bittern,Dupetor flavicollis,,,,,,,,,,,,,,,,,,,,,,,,,,,,,,,,,,,,,,,,,,,
,BULBUL,,,,,,,,,,,,,,,,,,,,,,,,,,,,,,,,,,,,,,,,,,,,,
,Red-vented,Red-vented Bulbul,Pycnonotus cafer,40,100%,1,1,1,1,1,1,1,1,1,1,1,1,1,1,1,1,1,1,1,1,1,1,1,1,1,1,1,1,1,1,1,1,1,1,1,1,1,1,1,1,
,Red-whiskered,Red-whiskered Bulbul,Pycnonotus jocosus,40,100%,1,1,1,1,1,1,1,1,1,1,1,1,1,1,1,1,1,1,1,1,1,1,1,1,1,1,1,1,1,1,1,1,1,1,1,1,1,1,1,1,
,White-browed,White-browed Bulbul,Pycnonotus luteolus,25,63%,1,1,1,1,,1,,1,,1,,1,1,1,,,1,,1,,,1,1,,1,,1,,1,,1,1,1,,1,1,,1,1,1,
,Yellow-throated,Yellow-throated Bulbul,Pycnonotus xantholaemus,2,5%,,?,,,,,,,,1,,,,,,,,,,,,1,,,,,,,,,,,,,,,,,,,
,BUNTING,,,,,,,,,,,,,,,,,,,,,,,,,,,,,,,,,,,,,,,,,,,,,
,Black-headed,Black-headed Bunting,Emberiza melanocephala,,,,,,,,,,,,,,,,,,,,,,,,,,,,,,,,,,,,,,,,,,,
,Red-headed,Red-headed Bunting,Emberiza bruniceps,,,,,,,,,,,,,,,,,,,,,,,,,,,,,,,,,,,,,,,,,,,
,CHAT,,,,,,,,,,,,,,,,,,,,,,,,,,,,,,,,,,,,,,,,,,,,,
,"BUSH-CHAT, PIED",Pied Bushchat,Saxicola caprata,40,100%,1,1,1,1,1,1,1,1,1,1,1,1,1,1,1,1,1,1,1,1,1,1,1,1,1,1,1,1,1,1,1,1,1,1,1,1,1,1,1,1,
,"STONECHAT, SIBERIAN (COMMON)",Siberian Stonechat,Saxicola maurus,13,33%,1,1,,,1,1,,,,1,,,1,,,,1,1,1,,,,,,,,1,,1,,,1,,,,,,,,1,
,COOT,,,,,,,,,,,,,,,,,,,,,,,,,,,,,,,,,,,,,,,,,,,,,
,"COOT, COMMON",Common Coot,Fulica atra,37,93%,1,1,1,1,1,1,1,1,1,1,1,1,1,1,1,1,1,1,1,,1,1,1,,1,1,1,1,1,,1,1,1,1,1,1,1,1,1,1,
,CORMORANT,,,,,,,,,,,,,,,,,,,,,,,,,,,,,,,,,,,,,,,,,,,,,
,Great,Great Cormorant,Phalacrocorax carbo,30,75%,,1,1,1,,,1,1,,1,1,1,1,1,1,1,1,,1,1,,1,,,1,1,1,1,1,1,1,1,,,1,1,1,1,1,1,
,Indian (Shag),Indian Cormorant,Phalacrocorax fuscicollis,13,33%,,1,,,1,,1,,,,1,1,1,,,,,,,1,1,,1,,,,,1,,,,,1,1,,,,,1,,
,Little,Little Cormorant,Phalacrocorax niger,39,98%,1,1,1,1,1,,1,1,1,1,1,1,1,1,1,1,1,1,1,1,1,1,1,1,1,1,1,1,1,1,1,1,1,1,1,1,1,1,1,1,
,"DARTER, ORIENTAL",Darter,Anhinga melanogaster,21,53%,,,,1,,1,,,1,1,1,1,1,,1,,,1,,1,,1,1,1,1,1,,1,1,,,,1,,,1,1,,1,,
,COUCAL,,,,,,,,,,,,,,,,,,,,,,,,,,,,,,,,,,,,,,,,,,,,,
,Gater (Crow Pheasant),Greater Coucal,Centropus sinensis,39,98%,1,1,1,1,1,1,1,1,1,1,1,1,1,1,1,1,1,1,1,1,1,1,1,,1,1,1,1,1,1,1,1,1,1,1,1,1,1,1,1,
,COURSER,,,,,,,,,,,,,,,,,,,,,,,,,,,,,,,,,,,,,,,,,,,,,
,Indian,Indian Courser,Cursorius coromandelicus,,,,,,,,,,,,,,,,,,,,,,,,,,,,,,,,,,,,,,,,,,,
,CRAKE,,,,,,,,,,,,,,,,,,,,,,,,,,,,,,,,,,,,,,,,,,,,,
,Brown,Brown Crake,Amaurornis akool,,,,,,,,,,,,,,,,,,,,,,,,,,,,,,,,,,,,,,,,,,,
,Baillon’s Little,Baillon's Crake,Porzana pusilla,4,10%,,,,,,,,,,1,,,,,,,,,1,,,,,,,,,,,,,,,1,,,,,,1,
,Ruddy-breasted,Ruddy-breasted Crake,Porzana fusca,,,,,,,,,,,,,,,,,,,,,,,,,,,,,,,,,,,,,,,,,,,
,"RAIL, SLATY-BREASTED",Slaty-breasted Rail,Gallirallus striatus,,,,,,,,,,,,,,,,,,,,,,,,,,,,,,,,,,,,,,,,,,,
,CROW,,,,,,,,,,,,,,,,,,,,,,,,,,,,,,,,,,,,,,,,,,,,,
,House,House Crow,Corvus splendens,40,100%,1,1,1,1,1,1,1,1,1,1,1,1,1,1,1,1,1,1,1,1,1,1,1,1,1,1,1,1,1,1,1,1,1,1,1,1,1,1,1,1,
,Large-billed (jungle),Large-billed Crow,Corvus macrorhynchos,40,100%,1,1,1,1,1,1,1,1,1,1,1,1,1,1,1,1,1,1,1,1,1,1,1,1,1,1,1,1,1,1,1,1,1,1,1,1,1,1,1,1,
,CUCKOO,,,,,,,,,,,,,,,,,,,,,,,,,,,,,,,,,,,,,,,,,,,,,
,Banded-bay,Banded Bay Cuckoo,Cacomantis sonneratii,,,,,,,,,,,,,,,,,,,,,,,,,,,,,,,,,,,,,,,,,,,
,Chestnut-winged,Chestnut-winged Cuckoo,Clamator coromandus,,,,,,,,,,,,,,,,,,,,,,,,,,,,,,,,,,,,,,,,,,,
,Common Hawk,Common Hawk Cuckoo,Cuculus varius,10,25%,,,,,,,,1,,1,,1,,,,,,1,,,,1,1,,,,,,1,,,1,1,,,,,,,1,
,Drongo,Asian Drongo Cuckoo,Surniculus lugubris,?,,,,,,,,,,,?,,,,,,,,,,,,,,,,,,,,,,,,?,,,,,,,
,Eurasian (Common),Eurasian Cuckoo,Cuculus canorus,,,,,,,,,,,,,,,,,,,,,,,,,,,,,,,,,,,,,,,,,,,
,Grey-bellied,Grey-bellied Cuckoo,Cacomantis passerinus,2,5%,,,,,,,1,,,,,,,,,,1,,,,,,,,,,,,,,,,,,,,,,,,
,Indian,Indian Cuckoo,Cuculus micropterus,2,5%,,,,,,,,,,1,,,,,,,,?,,,,,,,,,,,,,1,,,,,,,,,,
,Pied,Pied Cuckoo,Clamator jacobinus,5,13%,,,,1,,1,,,,,,,,,,,1,,,,,,,,1,,1,,,,,,,,,,,,,,
,"KOEL, ASIAN",Asian Koel,Eudynamys scolopaceus,37,93%,1,1,1,1,1,1,1,1,1,1,1,1,1,1,1,,1,1,1,,1,1,1,1,,1,1,1,1,1,1,1,1,1,1,1,1,1,1,1,
,CUCKOOSHRIKE,,,,,,,,,,,,,,,,,,,,,,,,,,,,,,,,,,,,,,,,,,,,,
,Black-headed,Black-headed Cuckooshrike,Coracina melanoptera,12,30%,,,1,,,,,,,1,,1,1,,,,,,,,1,1,1,,1,,,,,,,1,1,,1,,,,,1,
,Large,Large Cuckooshrike,Coracina macei,5,13%,,,,,,,1,,,,,,,,,,,,,,,1,1,,,,,,,,,,1,,1,,,,,,
,DOVE,,,,,,,,,,,,,,,,,,,,,,,,,,,,,,,,,,,,,,,,,,,,,
,Eurasian collared (Ring),Eurasian Collared Dove,Streptopelia decaocto,7,18%,,,,,,,,,,,,1,,,,,1,,,,,,1,,,,1,,,,,,1,,1,,,,1,,
,Laughing (Little Brown),Laughing Dove,Streptopelia senegalensis,34,85%,1,1,1,1,1,1,1,1,1,1,1,1,,1,,,1,1,1,,1,1,1,1,1,1,1,1,1,1,1,1,1,1,1,1,,1,1,,
,Oriental Turtle (Rufous-turtle),Oriental Turtle Dove,Streptopelia orientalis,,,,,,,,,,,,,,,,,,,,,,,,,,,,,,,,,,,,,,,,,,,
,Red Collared (Red-turtle),Red Collared Dove,Streptopelia tranquebarica,,,,,,,,,,,,,,,,,,,,,,,,,,,,,,,,,,,,,,,,,,,
,Spotted,Spotted Dove,Streptopelia chinensis,38,95%,1,1,1,1,1,1,1,1,1,1,1,1,1,1,1,1,1,1,1,1,1,1,1,,1,1,,1,1,1,1,1,1,1,1,1,1,1,1,1,
,DRONGO,,,,,,,,,,,,,,,,,,,,,,,,,,,,,,,,,,,,,,,,,,,,,
,Ashy,Ashy Drongo,Dicrurus leucophaeus,33,83%,1,1,1,,1,1,1,1,1,1,1,1,1,1,,1,1,1,,1,1,1,1,,1,1,1,1,1,1,,1,1,1,1,1,,,1,1,
,Black,Black Drongo,Dicrurus macrocercus,40,100%,1,1,1,1,1,1,1,1,1,1,1,1,1,1,1,1,1,1,1,1,1,1,1,1,1,1,1,1,1,1,1,1,1,1,1,1,1,1,1,1,
,Spangled (Hair-crested),Spangled Drongo,Dicrurus hottentottus,3,8%,,,,,,,,,,,,,1,,,,,,,1,,,,,,,,,,,,,,,,,,,,1,
,White-bellied,White-bellied Drongo,Dicrurus caerulescens,15,38%,,1,1,,,,,,,1,,1,1,1,,,,,,,,1,1,,,,,1,,,1,1,1,,1,1,,,1,,
,DUCK,,,,,,,,,,,,,,,,,,,,,,,,,,,,,,,,,,,,,,,,,,,,,
,Comb,Comb Duck,Sarkidiornis melanotos,,,,,,,,,,,,,,,,,,,,,,,,,,,,,,,,,,,,,,,,,,,
,Spot-billed,Spot-billed Duck,Anas poecilorhyncha,24,60%,,1,1,1,1,1,,1,,,,,1,1,,,1,1,1,,1,1,1,,,,,1,1,,1,,1,1,1,1,,1,1,1,
,GADWALL,Gadwall,Anas strepera,,,,,,,,,,,,,,,,,,,,,,,,,,,,,,,,,,,,,,,,,,,
,GARGANEY,Garganey,Anas querquedula,14,35%,1,1,,,1,,,,,,,,1,,,,1,1,1,1,1,,,,,,1,,1,,,,,,1,,,,1,1,
,"GREBE, LITLE",Little Grebe,Tachybaptus ruficollis,35,88%,,1,1,1,1,1,1,1,1,1,1,1,1,,1,1,1,1,1,1,1,1,1,1,1,,1,,1,1,1,,1,1,1,1,1,1,1,1,
,"PINTAIL, NORTHERN",Northern Pintail,Anas acuta,4,10%,,1,,,,,,,,,,,1,,,,1,,,,,,,,,,,,1,,,,,,,,,,,,
,"SHELDUCK, RUDDY",Ruddy Shelduck,Tadorna ferruginea,,,,,,,,,,,,,,,,,,,,,,,,,,,,,,,,,,,,,,,,,,,
,"SHOVELLER, NORTHERN",Northern Shoveler,Anas clypeata,10,25%,,1,,,1,,,,,,,,1,,,,1,1,1,,,,,,,,,,1,,,,,1,1,,,,,1,
,"TEAL, COMMON",Common Teal,Anas crecca,7,18%,,,,,1,,,,,,,,1,,,,,1,1,,,,,,,,1,,,,,,,,,,,,1,1,
,"WHISTLING-DUCK, LESSER",Lesser Whistling-duck,Dendrocygna javanica,9,23%,,1,,,,,,,,,,,,,,,,,,,,1,1,,,,,,1,,1,,1,,1,,,1,1,,
,"WIGEON, EURASIAN",Eurasian Wigeon,Anas penelope,1,3%,,,,,,,,,,,,,,,,,,,,,,,,,,,,,1,,,,,,,,,,,,
,POCHARD,,,,,,,,,,,,,,,,,,,,,,,,,,,,,,,,,,,,,,,,,,,,,
,Common,Common Pochard,Aythya ferina,,,,,,,,,,,,,,,,,,,,,,,,,,,,,,,,,,,,,,,,,,,
,GOOSE,,,,,,,,,,,,,,,,,,,,,,,,,,,,,,,,,,,,,,,,,,,,,
,Cotton pygmy Goose (Cotton Teal),Cotton Pygmy-goose,Nettapus coromandelianus,4,10%,,,,,,,,,,,,,,,,,,,1,,1,,,,,,,,,,,,,1,1,,,,,,
,Bar-headed,Bar-headed Goose,Anser indicus,1,3%,,,,,,,,1,,,,,,,,,,,,,,,,,,,,,,,,,,,,,,,,,
,EAGLE,,,,,,,,,,,,,,,,,,,,,,,,,,,,,,,,,,,,,,,,,,,,,
,Black,Black Eagle,Ictinaetus malayensis,2,5%,,,1,,,,,,,,,1,,,,,,,,,,,,,,,,,,,,,,,,,,,,,
,Bonnelli’s,Bonelli's Eagle,Hieraaetus fasciatus,4,10%,,1,,,,,,,,1,,,,,,,,,,1,,,,,,,,,,,,1,,,,,,,,,
,Booted,Booted Eagle,Hieraaetus pennatus,11,28%,,1,1,,,,,1,1,1,,1,1,,,,1,,,,,,,,,1,,,,,,1,,,1,,,,,,
,Changeable Hawk (Crested Hawk),Changeable Hawk Eagle,Spizaetus cirrhatus,2,5%,,,,,,,,,,1,,,1,,,,,,,,,,,,,,,,,,,,,,,,,,,,
,Crested Serpent,Crested Serpent Eagle,Spilornis cheela,14,35%,,1,,,?,,,,,1,,1,,,,,1,1,1,,,1,1,,,,1,1,,,1,,1,,,1,,1,,,
,Greater Spotted,Greater Spotted Eagle,Aquila clanga,1,3%,,,,,,,,,,,,,,,,,,,,,,,,,,,,,,,,,,,,,,,,1,
,Lesser Fish,Lesser Fish Eagle,Ichthyophaga humilis,,,,,,,,,,,,,,,,,,,,,,,,,,,,,,,,,,,,,,,,,,,
,Indian Spotted,Indian Spotted Eagle,Aquila hastata,1,3%,,,,,,,,,,,,,,,,,,,,,,,,,,,,,,,,,,,,,,,,1,
,Short-toed Snake,Short-toed Snake Eagle,Circaetus gallicus,12,30%,1,1,1,,,1,,,,1,,1,,,,,1,1,,1,,,1,,,,,,1,,,,1,,,,,,,,
,Steppe,Steppe Eagle,Aquila nipalensis,,,,,,,,,,,,,,,,,,,,,,,,,,,,,,,,,,,,,,,,,,,
,Tawny,Tawny Eagle,Aquila rapax,9,23%,,,,,,1,,,,1,,1,,1,,,1,,,,1,,1,,,,,,1,,,,1,,,,,,?,,
,Rufous-bellied,Rufous-bellied Eagle,Hieraaetus kienerii,,,,,,,,,,,,,,,,,,,,,,,,,,,,,,,,,,,,,,,,,,,
,BAZA,,,,,,,,,,,,,,,,,,,,,,,,,,,,,,,,,,,,,,,,,,,,,
,Black,Black Baza,Aviceda leuphotes,,,,,,,,,,,,,,,,,,,,,,,,,,,,,,,,,,,,,,,,,,,
,BUZZARD,,,,,,,,,,,,,,,,,,,,,,,,,,,,,,,,,,,,,,,,,,,,,
,Oriental Honey,Oriental Honey-buzzard,Pernis ptilorhyncus,26,65%,,,1,1,1,1,,1,,1,,1,1,1,,,1,,1,,1,1,1,,,,1,,1,1,1,1,1,1,1,1,,1,1,1,
,White-eyed,White-eyed Buzzard,Butastur teesa,10,25%,,1,,,,1,,1,,1,,1,,,,,1,,1,,,,,,,,1,,1,,,,,,,,,,,1,
,Common,Common Buzzard,Buteo buteo,?,,,,,,,,,,,,,,,,,,,,,,,,,,,,,,,,,,,,,,,,?,,
,FALCON,,,,,,,,,,,,,,,,,,,,,,,,,,,,,,,,,,,,,,,,,,,,,
,Laggar,Laggar Falcon,Falco jugger,,,,,,,,,,,,,,,,,,,,,,,,,,,,,,,,,,,,,,,,,,,
,Peregrine,Peregrine Falcon,Falco peregrinus,5,13%,,,,,,,,,,,,,,,,1,,,,,1,1,,,,,,,1,,,,,,,,,,,1,
,Peregrine - Shaheen [1],Peregrine Falcon (Shaheen),Falco peregrinus peregrinator,,,,,,,,,,,,,,,,,,,,,,,,,,,,,,,,,,,,,,,,,,,
,Red-necked (Red-headed Merlin),Red-necked Falcon,Falco chicquera,1,3%,,,,,,,,,,1,,,,,,,,,,,,,,,,,,,,,,,,,,,,,,,
,"HOBBY, EURASIAN",Eurasian Hobby,Falco subbuteo,,,,,,,,,,,,,,,,,,,,,,,,,,,,,,,,,,,,,,,,,,,
,HARRIER,,,,,,,,,,,,,,,,,,,,,,,,,,,,,,,,,,,,,,,,,,,,,
,Eurasian Marsh,Eurasian Marsh Harrier,Circus aeruginosus,21,53%,,1,1,,1,1,,,,1,,,,1,,1,1,1,1,,,,1,,1,,1,1,1,1,1,1,1,,,,,1,,1,
,Montagu’s,Montagu's Harrier,Circus pygargus,4,10%,,?,,,,1,,1,,?,,,,,,,,,,,,,,,,,1,,1,,,,,,,,,,,,
,Pallied,Pallid Harrier,Circus macrourus,3,8%,,,,,,,,1,,1,,,?,,,,,,,,,,,,,1,,,,,,,,,,,,,,,
,Pied,Pied Harrier,Circus melanoleucos,,,,,,,,,,,,,,,,,,,,,,,,,,,,,,,,,,,,,,,,,,,
,HAWK,,,,,,,,,,,,,,,,,,,,,,,,,,,,,,,,,,,,,,,,,,,,,
,"SPARROWHAWK, EURASIAN",Eurasian Sparrowhawk,Accipiter nisus,1,3%,,,,,,,,,,,,,,,,,,,,,,,,,,,,,,,,,,,,,,,,1,
,SHIKRA,Shikra,Accipiter badius,32,80%,1,1,1,1,,1,,1,1,1,1,1,1,1,,1,1,1,1,,1,1,1,,1,1,1,1,1,1,1,1,1,1,1,,,1,,1,
,"GOSHAWK, CRESTED",Crested Goshawk,Accipiter trivirgatus,,,,,,,,,,,,,,,,,,,,,,,,,,,,,,,,,,,,,,,,,,,
,"GOSHAWK, NORTHERN",Northern Goshawk,Accipiter gentilis,,,,,,,,,,,,,,,,,,,,,,,,,,,,,,,,,,,,,,,,,,,
,KESTREL,,,,,,,,,,,,,,,,,,,,,,,,,,,,,,,,,,,,,,,,,,,,,
,Common,Common Kestrel,Falco tinnunculus,21,53%,1,1,1,,,1,,1,,1,,1,,,,,1,1,1,,1,1,,1,1,,1,1,1,1,,,,,1,,,,1,1,
,KITE,,,,,,,,,,,,,,,,,,,,,,,,,,,,,,,,,,,,,,,,,,,,,
,Black (Pariah),Black Kite,Milvus migrans,40,100%,1,1,1,1,1,1,1,1,1,1,1,1,1,1,1,1,1,1,1,1,1,1,1,1,1,1,1,1,1,1,1,1,1,1,1,1,1,1,1,1,
,Black-shouldered,Black-shouldered Kite,Elanus caeruleus,21,53%,1,,1,1,,1,,,,1,1,1,1,1,,,1,1,,,1,,1,,,1,1,,1,,,1,1,1,,1,,,1,,
,Brahminy,Brahminy Kite,Haliastur indus,40,100%,1,1,1,1,1,1,1,1,1,1,1,1,1,1,1,1,1,1,1,1,1,1,1,1,1,1,1,1,1,1,1,1,1,1,1,1,1,1,1,1,
,OSPREY,,,,,,,,,,,,,,,,,,,,,,,,,,,,,,,,,,,,,,,,,,,,,
,Osprey,Osprey,Pandion haliaetus,,,,,,,,,,,,,,,,,,,,,,,,,,,,,,,,,,,,,,,,,,,
,EGRET,,,,,,,,,,,,,,,,,,,,,,,,,,,,,,,,,,,,,,,,,,,,,
,Cattle,Cattle Egret,Bubulcus ibis,36,90%,1,1,1,1,1,1,1,1,1,1,1,1,1,1,1,,1,1,1,,1,1,1,,1,1,1,1,1,1,1,1,1,1,1,,1,1,1,1,
,Great,Great Egret,Casmerodius albus,22,55%,,1,1,1,,,,1,,1,1,,,,,1,,,,1,,1,1,1,1,1,,1,1,1,,1,1,1,1,,,1,,1,
,Intermediate (Median),Intermediate Egret,Mesophoyx intermedia,31,78%,1,1,1,1,1,1,,1,1,1,,1,1,1,,1,,,1,1,1,1,1,1,1,1,1,1,1,,1,1,1,1,1,,,,1,1,
,Little,Little Egret,Egretta garzetta,38,95%,1,1,1,1,1,1,1,1,,1,1,1,1,1,1,1,1,1,1,1,1,1,1,1,1,1,1,1,1,,1,1,1,1,1,1,1,1,1,1,
,Western reef (Reef Heron),Western Reef Egret,Egretta gularis,,,,,,,,,,,,,,,,,,,,,,,,,,,,,,,,,,,,,,,,,,,
,FLOWERPECKER,,,,,,,,,,,,,,,,,,,,,,,,,,,,,,,,,,,,,,,,,,,,,
,Pale-billed (Tickell's),Pale-billed Flowerpecker,Dicaeum erythroryncho,36,90%,1,1,1,1,1,1,1,1,1,1,1,1,1,1,1,1,1,1,1,,1,1,1,,1,1,1,1,1,1,1,1,1,1,1,1,,,1,1,
,Thick-billed,Thick-billed Flowerpecker,Dicaeum agile,1,3%,,,,,,,,,,1,,,,,,,,,,,,,,,,,,,,,,,,,,,,,,,
,FLYCATCHER,,,,,,,,,,,,,,,,,,,,,,,,,,,,,,,,,,,,,,,,,,,,,
,Asian Brown,Asian Brown Flycatcher,Muscicapa dauurica,11,28%,1,,1,,1,,1,,,1,,1,1,,,,,,,,,1,,1,,,,,1,,,,,,1,,,,,,
,Rusty-tailed,Rusty-tailed Flycatcher,Muscicapa ruficauda,,,,,,,,,,,,,,,,,,,,,,,,,,,,,,,,,,,,,,,,,,,
,Asian Paradise,Asian Paradise-flycatcher,Terpsiphone paradisi,28,70%,,1,1,,1,,1,1,1,1,,1,,1,1,1,1,1,1,,1,1,1,,1,,1,,1,,,1,1,1,1,1,1,,1,1,
,Blue-throated,Blue-throated Flycatcher,Cyornis rubeculoides,?,,,,,,,,,,,,,,,,,,,,,,,,,,,,,,,,,,,?,,,,,,,
,Brown-breasted,Brown-breasted Flycatcher,Muscicapa muttui,1,3%,,,,,,,,,,,,,,,,,,,,,,1,,,,,,,,,,,,,,,,,,,
,"Monarch, B lack-naped",Black-naped Monarch,Hypothymis azurea,2,5%,,,,,,,,,,,,1,,,,,,,,,,1,,,,,,?,,,,,,,,,,,,,
,Red-throated,Red-breasted Flycatcher,Ficedula parva,1,3%,,,,,,,,,,,,,,,,,,,,,,,,,,,,,1,,,,,,,,,,,,
,Tickell’s Blue,Tickell's Blue Flycatcher,Cyornis tickelliae,23,58%,,1,,,1,,1,1,1,,,1,1,1,1,,1,1,1,,1,1,1,,,,1,,1,,,,1,1,1,1,1,,1,,
,Ultramarine,Ultramarine Flycatcher,Ficedula superciliaris,1,3%,,,,,,,,,,,,,,,,,,,,,1,,,,,,,,,,,,,,,,,,,,
,Verditer,Verditer Flycatcher,Eumyias thalassinus,11,28%,,,,,,,,1,,1,,1,1,,,,1,,1,,,1,,,1,,,,1,,,,1,,,,,,1,,
,White-browed Fantail,White-browed Fantail,Rhipidura aureola,16,40%,1,1,1,,,,1,1,1,1,,,1,1,,,1,,,,,,1,,,,,,,,,1,1,,1,1,,,1,,
,White-throated Fantail,White-throated Fantail,Rhipidura albicollis,13,33%,,,,,,,,,,1,1,1,,,,,1,,1,,,1,,,1,1,,,,,1,1,,,1,,,1,1,,
,FRANCOLIN,,,,,,,,,,,,,,,,,,,,,,,,,,,,,,,,,,,,,,,,,,,,,
,Grey (Grey Partridge),Grey Francolin,Francolinus pondicerianus,27,68%,,1,1,1,1,1,,1,1,1,,1,1,1,,,1,1,1,,,1,1,,1,1,1,,1,1,1,,1,,1,,,1,1,1,
,GULL,,,,,,,,,,,,,,,,,,,,,,,,,,,,,,,,,,,,,,,,,,,,,
,Black-headed,Black-headed Gull,Larus ridibundus,,,,,,,,,,,,,,,,,,,,,,,,,,,,,,,,,,,,,,,,,,,
,Brown-headed,Brown-headed Gull,Larus brunnicephalus,,,,,,,,,,,,,,,,,,,,,,,,,,,,,,,,,,,,,,,,,,,
,HERON,,,,,,,,,,,,,,,,,,,,,,,,,,,,,,,,,,,,,,,,,,,,,
,Black-crowned Night,Black-crowned Night Heron,Nycticorax nycticorax,8,20%,,1,1,,,1,,,,1,1,1,,1,,,,,,,,,,1,,,,,,?,,,,,,,,,,,
,Grey,Grey Heron,Ardea cinerea,38,95%,1,1,1,1,1,1,1,1,1,1,1,1,,1,1,1,1,1,1,,1,1,1,1,1,1,1,1,1,1,1,1,1,1,1,1,1,1,1,1,
,Indian Pond,Indian Pond Heron,Ardeola grayii,39,98%,1,1,1,1,1,1,1,1,,1,1,1,1,1,1,1,1,1,1,1,1,1,1,1,1,1,1,1,1,1,1,1,1,1,1,1,1,1,1,1,
,Little (Striated),Little Heron,Butorides striata,1,3%,,,,,,,,,,1,,,,,,,,,,,,,,,,,,,,,,?,,,,,,,,,
,Purple,Purple Heron,Ardea purpurea,30,75%,,1,1,,1,1,,1,,1,1,1,1,1,,1,1,1,1,1,1,1,1,1,1,,1,1,1,1,,1,1,1,1,,,,1,1,
,HOOPOE,,,,,,,,,,,,,,,,,,,,,,,,,,,,,,,,,,,,,,,,,,,,,
,"HOOPOE, COMMON",Common Hoopoe,Upupa epops,15,38%,1,,1,,,1,,,,1,,1,,,,,1,,1,1,,,,,1,1,1,,1,,,1,,,1,,,,1,,
,HORNBILL,,,,,,,,,,,,,,,,,,,,,,,,,,,,,,,,,,,,,,,,,,,,,
,Indian Grey,Indian Grey Hornbill,Ocyceros birostris,11,28%,1,1,,,,1,,,,1,,,1,,,,1,,,,,1,,,,,,,1,,,1,,,,,,,1,1,
,IBIS,,,,,,,,,,,,,,,,,,,,,,,,,,,,,,,,,,,,,,,,,,,,,
,Black,Black Ibis,Pseudibis papillosa,10,25%,,1,1,1,,,,,,,1,1,1,,,,,,1,,,,,,,,,,1,,,1,,,1,,,,,,
,Black-headed (White-headed),Black-headed Ibis,Threskiornis melanocephalus,10,25%,,1,1,,1,,,1,,,,,,,,1,,,1,,,,,,,,,1,1,,,,,,,,,1,,1,
,Glossy,Glossy Ibis,Plegadis falcinellus,3,8%,,,1,,,,,,,,,,,,,,,,,,,,,,,,,,1,,,,,,,,,,,1,
,IORA,,,,,,,,,,,,,,,,,,,,,,,,,,,,,,,,,,,,,,,,,,,,,
,"IORA, COMMON",Common Iora,Aegithina tiphia,25,63%,1,1,1,1,,1,,1,1,1,,1,1,1,,,1,1,1,,1,1,1,,1,,,,,,1,1,1,,1,1,,,1,1,
,JACANA,,,,,,,,,,,,,,,,,,,,,,,,,,,,,,,,,,,,,,,,,,,,,
,Bronze-winged,Bronze-winged Jacana,Metopidius indicus,6,15%,,,1,,,,,,,,,1,,1,,,,,,,,,,,,,,1,,,,,,1,1,,,,,,
,Pheasant-tailed,Pheasant-tailed Jacana,Hydrophasianus chirurgus,8,20%,,,1,1,,1,,,,,,1,,1,,,,,,,,,,,,,,,1,,,,,,1,,,,1,,
,JUNGLEFOWL,,,,,,,,,,,,,,,,,,,,,,,,,,,,,,,,,,,,,,,,,,,,,
,Grey,Grey Junglefowl,Gallus sonneratii,24,60%,,1,1,1,1,,,,,1,,1,,,1,,1,1,1,,1,,1,1,,,1,1,1,1,1,1,1,1,1,,1,1,,,
,KINGFISHER,,,,,,,,,,,,,,,,,,,,,,,,,,,,,,,,,,,,,,,,,,,,,
,Black-capped,Black-capped Kingfisher,Halcyon pileata,,,,,,,,,,,,,,,,,,,,,,,,,,,,,,,,,,,,,,,,,,,
,Common,Common Kingfisher,Alcedo atthis,29,73%,1,1,1,1,,1,1,1,1,1,1,1,1,1,1,,1,,,,,1,1,,,1,1,1,1,,1,1,1,1,1,1,1,,1,,
,Pied,Pied Kingfisher,Ceryle rudis,31,78%,1,1,1,,1,1,1,1,1,1,1,1,,1,,1,1,,,1,,1,1,1,1,,1,1,1,1,1,1,1,,1,1,,1,1,1,
,White-throated,White-throated Kingfisher,Halcyon smyrnensis,40,100%,1,1,1,1,1,1,1,1,1,1,1,1,1,1,1,1,1,1,1,1,1,1,1,1,1,1,1,1,1,1,1,1,1,1,1,1,1,1,1,1,
,Stork-billed,Stork-billed Kingfisher,Halcyon capensis,,,,,,,,,,,,,,,,,,,,,,,,,,,,,,,,,,,,,,,,,,,
,LAPWING,,,,,,,,,,,,,,,,,,,,,,,,,,,,,,,,,,,,,,,,,,,,,
,Red-wattled,Red-wattled Lapwing,Vanellus indicus,38,95%,1,1,1,1,1,1,1,1,1,1,1,1,1,1,1,1,1,1,1,,1,1,1,1,1,1,1,1,1,1,1,1,1,,1,1,1,1,1,1,
,Grey-headed,Grey-headed Lapwing,Vanellus cinereus,,,,,,,,,,,,,,,,,,,,,,,,,,,,,,,,,,,,,,,,,,,
,Yellow-wattled,Yellow-wattled Lapwing,Vanellus malarbaricus,9,23%,1,,,,,1,,,1,,,,1,1,,,1,,,,,,1,,,,,,1,,,1,?,,,,,,,,
,LARK,,,,,,,,,,,,,,,,,,,,,,,,,,,,,,,,,,,,,,,,,,,,,
,Ashy-crowned Sparrow ,Ashy-crowned Sparrow Lark,Eremopterix griseus,24,60%,1,1,1,1,1,1,,1,1,1,,1,,1,1,1,1,1,1,,,,,,1,,1,,1,,1,,,,1,,1,1,,1,
,(Black-bellied Finch),,,,,,,,,,,,,,,,,,,,,,,,,,,,,,,,,,,,,,,,,,,,,
,Jerdon's Bush(lark),Jerdon's Bushlark,Mirafra affinis,18,45%,1,?,1,1,,,,1,1,,1,1,,1,,,1,,,,,1,,,,?,,,1,,1,1,1,,1,1,,,1,1,
,Indian Bush(lark),Indian Bushlark,Mirafra erythroptera,5,13%,,?,1,?,,?,,1,,,1,,,,,,,?,,,,1,?,,,,?,,1,,,?,,?,,,,,,,
,Oriental Sky(lark),Oriental Skylark,Alauda gulgula,11,28%,,,,1,1,,,,,,,,,,,,1,,1,,,,1,,,,1,,1,,,,1,,1,,,,1,1,
,Rufous-tailed,Rufous-tailed Lark,Ammomanes phoenicura,15,38%,,,,,1,1,,,1,,,,1,1,,,1,,1,,1,,1,,1,,1,,1,,1,,1,,,1,,,,,
,Short-toed,Greater Short-toed Lark,Calandrella brachydactyla,1,3%,,,,,,,,?,,,,,,,,,,,,,,,,,,,,,1,,,,,,,,,,,,
,Sykes's,Sykes's Lark,Galerida deva,1,3%,,,,,,,,1,,,,,,,,,,,,,,,,,,,,,,,,,,,,,,,,,
,LEAFBIRD,,,,,,,,,,,,,,,,,,,,,,,,,,,,,,,,,,,,,,,,,,,,,
,Blue-winged,Blue-winged Leafbird,Chloropsis cochinchinensis,3,8%,,,,,,,,1,,,,,,,,,,,,,,,,,,,,,1,,,,,,,,,1,,,
,Golden-fronted,Golden-fronted Leafbird,Chloropsis aurifrons,10,25%,,1,1,,,,,,,1,,1,,1,,,1,,,,,1,1,,,,,,,,,,1,,,,,,1,,
,MALKOHA,,,,,,,,,,,,,,,,,,,,,,,,,,,,,,,,,,,,,,,,,,,,,
,Blue-faced,Blue-faced Malkoha,Phaenicophaeus viridirostris,19,48%,1,,1,1,,1,,,,,,1,,1,,,1,,1,,,1,1,,1,1,1,,1,,,1,1,,1,,,,1,1,
,Sirkeer,Sirkeer Malkoha,Phaenicophaeus leschenaultii,3,8%,,,,,,,,,,,,,,,,,1,,1,,,,,,,,,,,,,1,,,,,,,,,
,MARTIN,,,,,,,,,,,,,,,,,,,,,,,,,,,,,,,,,,,,,,,,,,,,,
,Sand,Sand Martin,Riparia riparia,,,,,,,,,,,,,,,,,,,,,,,,,,,,,,,,,,,,,,,,,,,
,Plain,Plain Martin,Riparia paludicola,,,,,,,,,,,,,,,,,,,,,,,,,,,,,,,,,,,,,,,,,,,
,Dusky Crag,Dusky Crag Martin,Hirundo concolor,5,13%,,1,1,,,,,,,,,1,,,,,,,,,1,1,,,,,,,,,,,,,,,,,,,
,MINIVET,,,,,,,,,,,,,,,,,,,,,,,,,,,,,,,,,,,,,,,,,,,,,
,Small,Small Minivet,Pericrocotus cinnamomeus,22,55%,1,1,1,,,1,1,1,1,1,,1,1,,,,1,,1,,,1,1,,1,,,,,,1,1,1,,1,1,,1,1,,
,White-bellied,White-bellied Minivet,Pericrocotus erythropygius,,,,,,,,,,,,,,,,,,,,,,,,,,,,,,,,,,,,,,,,,,,
,"MOORHEN,",,,,,,,,,,,,,,,,,,,,,,,,,,,,,,,,,,,,,,,,,,,,,
,"MOORHEN, COMMON",Common Moorhen,Gallinula chloropus,20,50%,,,1,,,1,,1,,1,,,1,1,,,1,,,1,,1,1,1,1,1,,1,1,,1,,1,,1,1,,1,,,
,MOORHEN PURPLE,Purple Swamphen,Porphyrio porphyrio,32,80%,,1,1,,1,1,1,,,1,1,1,1,1,1,1,1,1,1,1,1,1,1,1,1,1,,1,1,1,,,1,1,1,1,1,,1,1,
,MUNIA,,,,,,,,,,,,,,,,,,,,,,,,,,,,,,,,,,,,,,,,,,,,,
,Black-headed,Black-headed Munia,Lonchura malacca,12,30%,,,1,1,,,,1,,1,1,1,1,,,,1,,,,,1,,,,,,,1,,,1,,,,1,,,,,
,Scaly-breasted,Scaly-breasted Munia,Lonchura punctulata,26,65%,1,1,1,1,,1,,,1,1,1,1,1,,,1,1,,,,,1,1,,,1,,1,1,1,,1,1,1,1,1,,1,1,1,
,White-rumped,White-rumped Munia,Lonchura striata,5,13%,,,,,,,,,,,,,1,1,,,1,1,,,,1,,,,,,,,,,,,,,,,,,,
,White-throated (now Silverbill),Indian Silverbill,Lonchura malabarica,27,68%,,1,1,1,1,1,,1,1,1,1,1,1,,,1,1,1,1,,,1,1,,1,1,,1,1,,1,1,1,1,1,,,,1,,
,"AVADAVAT, Red",Red Avadavat,Amandava amandava,7,18%,,,,,,,,,,1,,,,,,,,1,1,,,1,,,,,,,1,,1,,,,,,,1,,,
,MYNA,,,,,,,,,,,,,,,,,,,,,,,,,,,,,,,,,,,,,,,,,,,,,
,Common,Common Myna,Acridotheres tristis,40,100%,1,1,1,1,1,1,1,1,1,1,1,1,1,1,1,1,1,1,1,1,1,1,1,1,1,1,1,1,1,1,1,1,1,1,1,1,1,1,1,1,
,Jungle,Jungle Myna,Acridotheres fuscus,37,93%,1,1,1,,1,1,1,1,,,1,1,1,1,1,1,1,1,1,1,1,1,1,1,1,1,1,1,1,1,1,1,1,1,1,1,1,1,1,1,
,NIGHTJAR,,,,,,,,,,,,,,,,,,,,,,,,,,,,,,,,,,,,,,,,,,,,,
,Grey,Grey Nightjar,Caprimulgus indicus,?,,,,,,,,,,,,,,?,,,,,,,,,,,,,,,,,,,,,,,,,,,,
,Jerdon's,Jerdon's Nightjar,Caprimulgus atripennis,?,,,,,,,,,,,,,,,,,,,,?,,,,,,,,,,,,,,,,,,,,,,
,Indian,Indian Nightjar,Caprimulgus asiaticus,5,13%,,,,,,,,,,,,,,,,,,1,,,,,1,,,,,,,,1,,1,,,,,1,,,
,Savanna,Savanna Nightjar,Caprimulgus affinis,,,,,,,,,,,,,,,,,,,,,,,,,,,,,,,,,,,,,,,,,,,
,ORIOLE,,,,,,,,,,,,,,,,,,,,,,,,,,,,,,,,,,,,,,,,,,,,,
,Black-hooded,Black-hooded Oriole,Oriolus xanthornus,1,3%,,,,,,,,,,,,1,,,,,,,,,,,,,,,,,,,,,,,,,,,,,
,Black-naped,Black-naped Oriole,Oriolus chinensis,7,18%,,,,,,,,1,1,,,,,,,,,,,,1,,1,,,,,,,,,1,1,,,1,,,,,
,Eurasian Golden,Eurasian Golden Oriole,Oriolus oriolus,32,80%,1,1,1,,1,1,,,1,1,1,1,1,1,,1,1,1,1,1,1,1,1,1,1,1,1,1,1,,1,1,1,,1,1,,,1,1,
,OWL,,,,,,,,,,,,,,,,,,,,,,,,,,,,,,,,,,,,,,,,,,,,,
,Barn,Barn Owl,Tyto alba,11,28%,,1,1,,,1,1,,,1,1,1,,,,,,,,,,,,,,1,,1,1,1,,,,,,,,,,,
,Short-eared,Short-eared Owl,Asio flammeus,,,,,,,,,,,,,,,,,,,,,,,,,,,,,,,,,,,,,,,,,,,
,Brown Fish,Brown Fish Owl,Ketupa zeylonensis,2,5%,,,,,,,,,,,,1,,,,,,,,,,1,,,,,,,,,,,,,,,,,,,
,Brown Hawk,Brown Boobook,Ninox scutulata,,,,,,,,,,,,,,,,,,,,,,,,,,,,,,,,,,,,,,,,,,,
,Collared Scops,Collared Scops Owl,Otus bakkamoena,2,5%,,1,,,,,,,,,,1,,,,,,,,,,,,,,,,,,,,,,,,,,,,,
,Oriental Scops,Oriental Scops Owl,Otus sunia,,,,,,,,,,,,,,,,,,,,,,,,,,,,,,,,,,,,,,,,,,,
,Rock Eagle (Great-horned),Eurasian Eagle Owl,Bubo bubo,5,13%,,,,,,,,,,,,1,,,,,1,,,,,1,,,,,,,,,,,,,1,,,,1,,
,Mottled Wood,Mottled Wood Owl,Strix ocellata,3,8%,,,,,,,,,,,,1,,,,,,,,,,,,,1,,,,1,,,,,,,,,,,,
,OWLET,,,,,,,,,,,,,,,,,,,,,,,,,,,,,,,,,,,,,,,,,,,,,
,Jungle,Jungle Owlet,Glaucidium radiatum,,,,,,,,,,,,,,,,,,,,,,,,,,,,,,,,,,,,,,,,,,,
,Spotted,Spotted Owlet,Athene brama,32,80%,1,1,1,1,1,1,1,1,1,1,1,1,1,,1,1,1,1,1,,1,,1,1,,1,1,1,1,1,1,1,1,,,,,1,1,1,
,PARAKEET,,,,,,,,,,,,,,,,,,,,,,,,,,,,,,,,,,,,,,,,,,,,,
,Alexandrine,Alexandrine Parakeet,Psittacula eupatria,2,5%,,1,,,,,,,?,,,,,,,,,,,,,,,,,,,,1,,,,,,,,,,,,
,Plum-headed,Plum-headed Parakeet,Psittacula cyanocephala,6,15%,,,,,,,,,,1,,,,,,,,,,,,,1,,,,,,1,,1,,1,,,,,1,,,
,Red-breasted,Red-breasted Parakeet,Psittacula alexandri,,,,,,,,,,,,,,,,,,,,,,,,,,,,,,,,,,,,,,,,,,,
,Rose-ringed,Rose-ringed Parakeet,Psittacula krameri,39,98%,1,1,1,1,1,1,1,1,,1,1,1,1,1,1,1,1,1,1,1,1,1,1,1,1,1,1,1,1,1,1,1,1,1,1,1,1,1,1,1,
,PEAFOWL,,,,,,,,,,,,,,,,,,,,,,,,,,,,,,,,,,,,,,,,,,,,,
,Common,Indian Peafowl,Pavo cristatus,9,23%,,,,,,1,,,,,,1,,,,,,,,,,1,1,,1,,,,1,,,1,1,,,,,,1,,
,PELICAN,,,,,,,,,,,,,,,,,,,,,,,,,,,,,,,,,,,,,,,,,,,,,
,Spot-billed,Spot-billed Pelican,Pelecanus philippensis,28,70%,,1,1,,1,1,1,,,1,1,,1,1,1,1,1,1,1,?,,,1,1,,,1,1,1,1,1,1,1,1,1,,1,,1,1,
,White,Great White Pelican,Pelecanus onocrotalus,,,,,,,,,,,,,,,,,,,,,,,,,,,,,,,,,,,,,,,,,,,
,PIGEON,,,,,,,,,,,,,,,,,,,,,,,,,,,,,,,,,,,,,,,,,,,,,
,Nilgiri Wood,Nilgiri Wood Pigeon,Columba elphinstonii,1,3%,,,,,,,,,,,,,,,,,,1,,,,,,,,,,,,,,,,,,,,,,,
,Rock,Rock Pigeon,Columba livia,39,98%,1,1,1,1,1,1,1,1,1,1,1,,1,1,1,1,1,1,1,1,1,1,1,1,1,1,1,1,1,1,1,1,1,1,1,1,1,1,1,1,
,Yellow-footed Green,Yellow-footed Green Pigeon,Treron phoenicopterus,2,5%,,,,,,,,,,,,,,,,,,,,,,,1,,,,,,,,,,1,,,,,,,,
,Orenge-breasted,Orange-breasted Green Pigeon,Treron bicinctus,1,3%,,1,,,,,,,,,,,,,,,,,,,,,,,,,,,,,,,,,,,,,,,
,PIPIT,,,,,,,,,,,,,,,,,,,,,,,,,,,,,,,,,,,,,,,,,,,,,
,Blyth’s,Blyth's Pipit,Anthus godlewskii,1,3%,,,,,,,,,,,,,,,,,,,,,,,,,,,,,,,,,,,,,,,?,1,
,Long-billed,Long-billed Pipit,Anthus similis,,,,,,,,,,,,,,,,,,,,,,,,,,,,,,,,,,,,,,,,,,,
,Olive-backed,Olive-backed Pipit,Anthus hodgsoni,4,10%,,,,,1,,,,,,,,,,,,,1,,,,,,,,,,,1,,,1,,,,,,,,,
,Paddy-field,Paddyfield Pipit,Anthus rufulus,32,80%,,1,1,1,1,1,,1,,1,1,1,1,1,1,1,1,1,1,,,1,1,1,,1,1,,1,1,1,1,1,1,1,,1,1,1,1,
,Richard's,Richard's Pipit,Anthus richardi,?,,,,,,,,,?,,,,,,,,,,,,,,?,,,,,,,?,,,,?,,,,,,,,
,Red-throated,Red-throated Pipit,Anthus cervinus,,,,,,,,,,,,,,,,,,,,,,,,,,,,,,,,,,,,,,,,,,,
,Tree,Tree Pipit,Anthus trivialis,9,23%,,,,,1,,,,,,,,1,,,,,1,,,,,,,,1,,,,,1,1,,,,,,1,1,1,
,PITTA,,,,,,,,,,,,,,,,,,,,,,,,,,,,,,,,,,,,,,,,,,,,,
,"PITTA, INDIAN",Indian Pitta,Pitta brachyura,3,8%,,,1,,,,,,,1,,,,,,,,,,,,,,,,,,,,,,,,,,,,,,1,
,PRINIA,,,,,,,,,,,,,,,,,,,,,,,,,,,,,,,,,,,,,,,,,,,,,
,Ashy,Ashy Prinia,Prinia socialis,38,95%,,1,1,1,1,1,1,1,1,1,1,1,1,1,1,1,1,1,1,1,1,1,1,,1,1,1,1,1,1,1,1,1,1,1,1,1,1,1,1,
,Grey-breasted,Grey-breasted Prinia,Prinia hodgsonii,10,25%,,,,1,,,1,,,,,1,,1,,,,,1,,,1,1,,,,,,,,1,,1,,,,,,1,,
,Jungle,Jungle Prinia,Prinia sylvatica,11,28%,,,,,1,,,1,,1,,,1,,,,,,1,,,1,,,,,,,1,,1,1,,1,,,,,,1,
,Plain,Plain Prinia,Prinia inornata,26,65%,,1,1,1,,1,,1,,1,1,1,1,1,,,1,,1,,,1,,,1,1,1,1,1,1,1,1,,1,1,1,,,1,1,
,QUAIL,,,,,,,,,,,,,,,,,,,,,,,,,,,,,,,,,,,,,,,,,,,,,
,Jungle Bush,Jungle Bush Quail,Perdicula asiatica,5,13%,1,,,,,,,1,,,,,,,,,,,,,,?,,,,,1,,,,1,,,,,,,1,,,
,Rain,Rain Quail,Coturnix coromandelica,,,,,,,,,,,,,,,,,,,,,,,,,,,,,,,,,,,,,,,,,,,
,"BUTTONQUAIL, BARRED",Barred Buttonquail,Turnix suscitator,1,3%,,,,,,,,,,,,1,,,,,,,,,,,,,,,,,,,,,,,,,,,,,
,"BUTTONQUAIL,YELLOW-LEGGED",Yellow-legged Buttonquail,Turnix tanki,,,,,,,,,,,,,,,,,,,,,,,,,,,,,,,,,,,,,,,,,,,
,REDSTART,,,,,,,,,,,,,,,,,,,,,,,,,,,,,,,,,,,,,,,,,,,,,
,"REDSTART, BLACK",Black Redstart,Phoenicurus ochruros,?,,,,,,,,,,,?,,,,,,,,,,,,,,,,,,,,,,,,,,,,,,,
,ROBIN,,,,,,,,,,,,,,,,,,,,,,,,,,,,,,,,,,,,,,,,,,,,,
,Indian,Indian Robin,Saxicoloides fulicatus,37,93%,,1,1,1,1,1,1,1,1,1,1,1,1,1,1,1,1,1,1,,1,1,1,1,1,1,1,1,1,,1,1,1,1,1,1,1,1,1,1,
,Indian Blue,Indian Blue Robin,Luscinia brunnea,3,8%,,,,,1,,,,,,,,,,,,,1,,,,,,,,,,,1,,,,,,,,,,,,
,Oriental Magpie,Oriental Magpie Robin,Copsychus saularis,34,85%,,1,1,1,,1,,1,1,1,1,1,1,1,1,1,1,1,1,,,1,1,1,1,1,1,1,1,,1,1,1,1,1,1,1,1,1,1,
,WHITE-RUMPED SHAMA,White-rumped Shama,Copsychus malabaricus,,,,,,,,,,,,,,,,,,,,,,,,,,,,,,,,,,,,,,,,,,,
,ROLLER,,,,,,,,,,,,,,,,,,,,,,,,,,,,,,,,,,,,,,,,,,,,,
,Indian,Indian Roller,Coracias benghalensis,36,90%,1,1,1,1,1,1,,1,1,1,1,,1,1,1,1,1,1,1,1,1,,1,,1,1,1,1,1,1,1,1,1,1,1,1,1,1,1,1,
,SANDGROUSE,,,,,,,,,,,,,,,,,,,,,,,,,,,,,,,,,,,,,,,,,,,,,
,Painted,Painted Sandgrouse,Pterocles indicus,,,,,,,,,,,,,,,,,,,,,,,,,,,,,,,,,,,,,,,,,,,
,SHRIKE,,,,,,,,,,,,,,,,,,,,,,,,,,,,,,,,,,,,,,,,,,,,,
,Bay-backed,Bay-backed Shrike,Lanius vittatus,22,55%,,,1,,1,1,1,1,,1,,,1,,,,1,,1,,1,1,1,,,1,1,1,1,1,,1,1,,1,1,,,,1,
,Brown,Brown Shrike,Lanius cristatus,28,70%,,1,1,1,1,1,,1,1,1,1,1,,1,1,,1,1,1,,,1,1,,,1,1,1,1,,,1,1,1,1,,1,1,,1,
,Isabelline,Rufous-tailed Shrike,Lanius isabellinus,,,,,,,,,,,,,,,,,,,,,,,,,,,,,,,,,,,,,,,,,,,
,Long-tailed,Long-tailed Shrike,Lanius schach,23,58%,1,1,1,,,,1,1,1,,1,1,1,1,1,,1,,1,,,1,1,1,1,,,1,,,1,,1,,1,,1,1,,,
,Southern Grey,Southern Grey Shrike,Lanius meridionalis,?,,,,,,,,,,,,,,,,,,?,,,,,,,,,?,,,,,,,,,,,,,,,
,SNIPE,,,,,,,,,,,,,,,,,,,,,,,,,,,,,,,,,,,,,,,,,,,,,
,Common,Common Snipe,Gallinago gallinago,3,8%,,,,,,,,,,,,,,,,,,,,,,,1,,,,,,,,,,1,,,,,,,1,
,Greater Painted,Greater Painted-snipe,Rostratula benghalensis,,,,,,,,,,,,,,,,,,,,,,,,,,,,,,,,,,,,,,,,,,,
,Jack,Jack Snipe,Lymnocryptes minimus,,,,,,,,,,,,,,,,,,,,,,,,,,,,,,,,,,,,,,,,,,,
,Pintail,Pintail Snipe,Gallinago stenura,1,3%,,,,,,,,,,,,,,,,,,,1,,,,,,,,,,,,,,,,,,,,,,
,SPARROW,,,,,,,,,,,,,,,,,,,,,,,,,,,,,,,,,,,,,,,,,,,,,
,"SPARROW, HOUSE",House Sparrow,Passer domesticus,40,100%,1,1,1,1,1,1,1,1,1,1,1,1,1,1,1,1,1,1,1,1,1,1,1,1,1,1,1,1,1,1,1,1,1,1,1,1,1,1,1,1,
,"PETRONIA, CHESTNUT-SHOULDERED",Chestnut-shouldered Petronia,Petronia xanthocollis,,,,,,,,,,,,,,,,,,,,,,,,,,,,,,,,,,,,,,,,,,,
,(YELLOW-THROATED SPARR0W),,,,,,,,,,,,,,,,,,,,,,,,,,,,,,,,,,,,,,,,,,,,,
,"ROSEFINCH, COMMON",Common Rosefinch,Carpodacus erythrinus,,,,,,,,,,,,,,,,,,,,,,,,,,,,,,,,,,,,,,,,,,,
,SPOONBILL,,,,,,,,,,,,,,,,,,,,,,,,,,,,,,,,,,,,,,,,,,,,,
,Eurasian,Eurasian Spoonbill,Platalea leucorodia,2,5%,,,,,,,,,,,,,,,,,,,,,,,,,,,,1,1,,,,,,,,,,,,
,SPURFOW,,,,,,,,,,,,,,,,,,,,,,,,,,,,,,,,,,,,,,,,,,,,,
,"SPURFOWL, PAINTED",Painted Spurfowl,Galloperdix lunulata,,,,,,,,,,,,,,,,,,,,,,,,,,,,,,,,,,,,,,,,,,,
,"SPURFOWL, RED",Red Spurfowl,Galloperdix spadicea,,,,,,,,,,,,,,,,,,,,,,,,,,,,,,,,,,,,,,,,,,,
,STARLING,,,,,,,,,,,,,,,,,,,,,,,,,,,,,,,,,,,,,,,,,,,,,
,Brahminy,Brahminy Starling,Sturnus pagodarum,12,30%,,1,1,,,1,1,,,1,,1,1,,,,1,1,,,,,,,,,,,,1,,,,,1,1,,,,,
,Chestnut-tailed (Grey-headed),Chestnut-tailed Starling,Sturnus malabaricus,12,30%,,,,,1,,,,,,,1,,,,1,,,1,1,1,,,,1,,,1,1,,,,,,1,,,,1,1,
,Malabar White-headed,Malabar White-headed Starling,Sturnus malabaricus blythi,,,,,,,,,,,,,,,,,,,,,,,,,,,,,,,,,,,,,,,,,,,
,Rose-coloured (Rosy Pastor),Rosy Starling,Sturnus roseus,16,40%,,1,1,1,1,,,1,,,,,,,1,1,1,1,1,1,,1,,,,,,1,1,,,,,,1,,1,,,,
,STORK,,,,,,,,,,,,,,,,,,,,,,,,,,,,,,,,,,,,,,,,,,,,,
,Painted,Painted Stork,Mycteria leucocephala,16,40%,1,1,,1,,1,,,,1,1,,,,,,,,1,,,,1,,1,,1,,1,,1,,1,,1,,,1,1,,
,White,White Stork,Ciconia ciconia,,,,,,,,,,,,,,,,,,,,,,,,,,,,,,,,,,,,,,,,,,,
,Woolly-necked,Woolly-necked Stork,Ciconia episcopus,8,20%,1,,1,,,,,1,,,1,,,,,,,,1,,,1,,,,,1,1,,,,,,,,,,,,,
,"OPENBILL, ASIAN (OPENBILL STORK)",Asian Openbill,Anastomus oscitans,15,38%,,1,1,1,1,1,,1,1,,,,,,,,,,1,,,,,,,,1,,1,,1,1,,,1,,,1,,1,
,SUNBIRD,,,,,,,,,,,,,,,,,,,,,,,,,,,,,,,,,,,,,,,,,,,,,
,Loten’s,Loten's Sunbird,Cinnyris lotenius,13,33%,,,,1,,,,,1,1,,1,1,1,,,,1,,,,1,,1,,,,1,,,,1,,,1,,,1,,,
,Purple,Purple Sunbird,Cinnyris asiaticus,38,95%,1,1,1,1,1,1,1,1,1,1,1,1,1,1,1,1,1,1,1,1,,1,1,1,1,1,1,1,1,,1,1,1,1,1,1,1,1,1,1,
,Small,Crimson-backed Sunbird,Leptocoma minima,,,,,,,,,,,,,,,,,,,,,,,,,,,,,,,,,,,,,,,,,,,
,Purple-rumped,Purple-rumped Sunbird,Leptocoma zeylonica,40,100%,1,1,1,1,1,1,1,1,1,1,1,1,1,1,1,1,1,1,1,1,1,1,1,1,1,1,1,1,1,1,1,1,1,1,1,1,1,1,1,1,
,SWALLOW,,,,,,,,,,,,,,,,,,,,,,,,,,,,,,,,,,,,,,,,,,,,,
,Barn,Barn Swallow,Hirundo rustica,31,78%,1,,1,,1,1,1,1,,1,1,1,,1,,1,1,1,1,,1,1,1,1,1,1,,1,1,,1,1,1,1,1,1,,1,1,1,
,Pacific,Pacific Swallow,Hirundo tahitica,,,,,,,,,,,,,,,,,,,,,,,,,,,,,,,,,,,,,,,,,,,
,Red-rumped,Red-rumped Swallow,Hirundo daurica,28,70%,,1,1,,1,,,1,,1,1,1,1,1,1,,1,,,,1,1,1,1,,1,1,1,1,1,1,,1,,1,1,1,1,1,1,
,Striated,Striated Swallow,Hirundo striolata,,,,,,,,,,,,,,,,,,,,,,,,,,,,,,,,,,,,,,,,,,,
,Streak-throated (Cliff),Streak-throated Swallow,Hirundo fluvicola,1,3%,,,,,,,,,,,,,,,,,,,,,,,,1,,,,,,,,,,,,,,,,,
,Wire-tailed,Wire-tailed Swallow,Hirundo smithii,9,23%,,1,1,,,,,,,,,,1,,,,1,1,,,,,1,,1,,,,1,,,,1,,,,,,,,
,"WOODSWALLOW, ASHY",Ashy Woodswallow,Artamus fuscus,5,13%,,,1,,,,,,,,,1,,,,,,,,,,,,,,,,,,,1,,,,1,,,,,1,
,SWIFT,,,,,,,,,,,,,,,,,,,,,,,,,,,,,,,,,,,,,,,,,,,,,
,Alpine,Alpine Swift,Tachymarptis melba,5,13%,,,,,1,,,,,,,,,,,,,,,,1,,,,,,,,1,,,,,1,,,,,,1,
,Asian Palm,Asian Palm Swift,Cypsiurus balasiensis,10,25%,,1,,,1,,,,,1,,1,,1,,,,,,,,1,,1,,,,1,,,1,,,,,,,1,,,
,House,House Swift,Apus affinis,25,63%,1,1,1,1,1,,,,,1,,1,1,1,,1,,,1,1,1,,1,,1,,,1,1,1,1,,1,1,1,1,,1,1,,
,"SWIFTLET, INDIAN",Indian Swiftlet,Collocalia unicolor,,,,,,,,,,,,,,,,,,,,,,,,,,,,,,,,,,,,,,,,,,,
,"NEEDLETAIL (Swift), BROWN-BACKED",Brown-backed Needletail,Hirundapus giganteus,,,,,,,,,,,,,,,,,,,,,,,,,,,,,,,,,,,,,,,,,,,
,"NEEDLETAIL (Swift), WHITE-RUMPED",White-rumped Needletail,Zoonavena sylvatica,,,,,,,,,,,,,,,,,,,,,,,,,,,,,,,,,,,,,,,,,,,
,"TREESWIFT, CRESTED",Crested Treeswift,Hemiprocne coronata,,,,,,,,,,,,,,,,,,,,,,,,,,,,,,,,,,,,,,,,,,,
,TAILORBIRD,,,,,,,,,,,,,,,,,,,,,,,,,,,,,,,,,,,,,,,,,,,,,
,"TAILORBIRD, COMMON",Common Tailorbird,Orthotomus sutorius,38,95%,1,1,1,1,1,1,1,1,1,1,,1,1,1,1,1,1,1,1,,1,1,1,1,1,1,1,1,1,1,1,1,1,1,1,1,1,1,1,1,
,TERN,,,,,,,,,,,,,,,,,,,,,,,,,,,,,,,,,,,,,,,,,,,,,
,Black-bellied,Black-bellied Tern,Sterna acuticauda,,,,,,,,,,,,,,,,,,,,,,,,,,,,,,,,,,,,,,,,,,,
,Indian River,River Tern,Sterna aurantia,23,58%,1,1,1,1,,1,1,1,,,1,,1,1,,,,,1,1,,1,1,,1,,1,1,,,1,1,1,,1,,,1,1,,
,Whiskered,Whiskered Tern,Chlidonias hybrida,1,3%,,1,,,,,,,,,,,,,,,,,,,,,,,,,,,,,,,,,,,,,,,
,THICK-KNEE,,,,,,,,,,,,,,,,,,,,,,,,,,,,,,,,,,,,,,,,,,,,,
,Eurasian (Stone Curlew),Eurasian Thick-knee,Burhinus oedicnemus,,,,,,,,,,,,,,,,,,,,,,,,,,,,,,,,,,,,,,,,,,,
,Great (Gret Stone Plover),Great Thick-knee,Esacus recurvirostris,,,,,,,,,,,,,,,,,,,,,,,,,,,,,,,,,,,,,,,,,,,
,THRUSH,,,,,,,,,,,,,,,,,,,,,,,,,,,,,,,,,,,,,,,,,,,,,
,Blue rock,Blue Rock Thrush,Monticola solitarius,6,15%,,,,1,,,,,,,,,,,,,1,1,1,,,,,1,,,,,1,,,,,,,,,,,,
,Blue-capped Rock,Blue-capped Rock Thrush,Monticola cinclorhynchus,8,20%,,,,,1,,,,,,,,1,,,1,,1,,,,,,,,,1,,1,,,,,1,,,,,1,,
,Malabar Whistling,Malabar Whistling Thrush,Myophonus horsfieldii,,,,,,,,,,,,,,,,,,,,,,,,,,,,,,,,,,,,,,,,,,,
,Pied,Pied Thrush,Zoothera wardii,3,8%,,,,,1,,,,,,,,,,,,,1,,,,,,,,,,,,,,,,1,,,,,,,
,Tickell's,Tickell's Thrush,Turdus unicolor,,,,,,,,,,,,,,,,,,,,,,,,,,,,,,,,,,,,,,,,,,,
,White-throated Orange-headed,Orange-headed Thrush,Zoothera citrina,3,8%,,,,,,,,,,1,,,,,,,,1,,,,,,,,,,,1,,,,,,,,,,,,
,"BLACKBIRD, EURASIAN",Eurasian Blackbird,Turdus merula,1,3%,,,,,,,,,,,,,,,,,,,,,,,,,,,,,1,,,,,,,,,,,,
,BLUETHROAT,Bluethroat,Luscinia svecica,,,,,,,,,,,,,,,,,,,,,,,,,,,,,,,,,,,,,,,,,,,
,"SHAMA, WHITE-RUMPED [2]",White-rumped Shama,Copsychus malabaricus,,,,,,,,,,,,,,,,,,,,,,,,,,,,,,,,,,,,,,,,,,,
,TIT,,,,,,,,,,,,,,,,,,,,,,,,,,,,,,,,,,,,,,,,,,,,,
,Great (Grey),Great Tit,Parus major,22,55%,1,1,1,,1,1,1,1,,1,,1,1,1,1,1,1,,,1,,1,,,1,,,,1,,,1,,,,1,1,,1,,
,Black-lored (Yellow-cheeked),Black-lored Tit,Parus xanthogenys,1,3%,,,,,,,,,,,,,,,,,,,,,,1,,,,,,,,,,,,,,,,,,,
,TREEPIE,,,,,,,,,,,,,,,,,,,,,,,,,,,,,,,,,,,,,,,,,,,,,
,Rufous (Indian),Rufous Treepie,Dendrocitta vagabunda,28,70%,1,,1,,1,1,,1,1,1,,1,1,1,,,1,1,1,,,1,1,1,1,1,,1,1,1,1,1,1,,1,1,,,1,1,
,White-bellied,White-bellied Treepie,Dendrocitta leucogastra,,,,,,,,,,,,,,,,,,,,,,,,,,,,,,,,,,,,,,,,,,,
,VULTURE,,,,,,,,,,,,,,,,,,,,,,,,,,,,,,,,,,,,,,,,,,,,,
,Egyptian,Egyptian Vulture,Neophron percnopterus,12,30%,,1,,1,1,1,,,,,,1,1,,1,,,1,,,,,,,,,,,1,,,,,,,1,1,,,1,
,Long-billed,Long-billed Vulture,Gyps indicus,3,8%,,,,1,,,,,,,,1,,,,,,,,,,1,,,,,,,,,,,,,,,,,,,
,Red-headed (King Vulture),Red-headed Vulture,Sarcogyps calvus,,,,,,,,,,,,,,,,,,,,,,,,,,,,,,,,,,,,,,,,,,,
,White-rumped (White-backed),White-rumped Vulture,Gyps bengalensis,,,,,,,,,,,,,,,,,,,,,,,,,,,,,,,,,,,,,,,,,,,
,WADERS,,,,,,,,,,,,,,,,,,,,,,,,,,,,,,,,,,,,,,,,,,,,,
,Common Sandpiper,Common Sandpiper,Actitis hypoleucos,35,88%,1,1,1,1,1,1,1,1,1,1,1,1,1,1,1,1,1,1,1,,,1,1,,1,,1,1,1,1,1,1,1,1,1,,1,1,1,1,
,Green Sandpiper,Green Sandpiper,Tringa ochropus,13,33%,,,1,1,1,,,1,,,,1,,,,,,,,,,,,,1,,,1,1,,,1,,1,1,,,,1,1,
,Marsh Sandpiper,Marsh Sandpiper,Tringa stagnatilis,6,15%,,?,1,,,,,,,,,,,,,1,,,,,,,,,1,,,?,1,,1,,,,,,,1,,,
,Wood Sandpiper,Wood Sandpiper,Tringa glareola,22,55%,,1,1,,1,,,1,,,,1,,1,,1,1,,,,1,1,1,,,1,1,,1,1,1,1,1,1,1,,,1,,1,
,Black-tailed Godwit,Black-tailed Godwit,Limosa limosa,,,,,,,,,,,,,,,,,,,,,,,,,,,,,,,,,,,,,,,,,,,
,"CURLEW, EURASIAN",Eurasian Curlew,Numenius arquata,,,,,,,,,,,,,,,,,,,,,,,,,,,,,,,,,,,,,,,,,,,
,WIMBREL,Whimbrel,Numenius phaeopus,,,,,,,,,,,,,,,,,,,,,,,,,,,,,,,,,,,,,,,,,,,
,"GREENSHANK, COMMON",Common Greenshank,Tringa nebularia,9,23%,,,1,1,,,,,,1,,,,,,1,,,1,,1,,,,,,,,1,,,,,,1,,,,,1,
,RUFF,Ruff,Philomachus pugnax,,,,,,,,,,,,,,,,,,,,,,,,,,,,,,,,,,,,,,,,,,,
,"STILT, BLACK-WINGED",Black-winged Stilt,Himantopus himantopus,17,43%,1,1,1,,1,1,,,,1,,1,,,,,,,1,,1,1,,,,,,,1,,1,1,,,1,,,1,1,1,
,STONE CURLEW [2],Eurasian Thick-knee,Burhinus oedicnemus,,,,,,,,,,,,,,,,,,,,,,,,,,,,,,,,,,,,,,,,,,,
,"THICK KNEE, GREATER [2]",Great Thick-knee,Esacus recurvirostris,,,,,,,,,,,,,,,,,,,,,,,,,,,,,,,,,,,,,,,,,,,
,WATERCOCK (KORA),Watercock,Gallicrex cinerea,,,,,,,,,,,,,,,,,,,,,,,,,,,,,,,,,,,,,,,,,,,
,PLOVER,,,,,,,,,,,,,,,,,,,,,,,,,,,,,,,,,,,,,,,,,,,,,
,Kentish,Kentish Plover,Charadrius alexandrinus,1,3%,,,,,,,,,,,,,,,,,,,,,,,,,,,,,1,,,,,,,,,,,,
,Little Ringed,Little Ringed Plover,Charadrius dubius,16,40%,,1,1,,1,1,,1,,1,,1,,,,,,1,,,,?,,1,1,,,1,1,,1,,,,1,,,1,,1,
,"Pacific, Golden",Pacific Golden Plover,Pluvialis fulva,,,,,,,,,,,,,,,,,,,,,,,,,,,,,,,,,,,,,,,,,,,
,PRATINCOLE,,,,,,,,,,,,,,,,,,,,,,,,,,,,,,,,,,,,,,,,,,,,,
,Small,Small Pratincole,Glareola lactea,1,3%,,,,,,,,,,,,,,,,,,,,,,,,,,,,,,,,1,,,,,,,,,
,REDSHANK,,,,,,,,,,,,,,,,,,,,,,,,,,,,,,,,,,,,,,,,,,,,,
,Common,Common Redshank,Tringa totanus,,,,,,,,,,,,,,,,,,,,,,,,,,,,,,,,,,,,,,,,,,,
,STINT,,,,,,,,,,,,,,,,,,,,,,,,,,,,,,,,,,,,,,,,,,,,,
,Little,Little Stint,Calidris minuta,2,5%,,,,,,,,,,,,,,,,,,,,,,,,,,,,,1,,,,,,,,,,,1,
,Temminck’s,Temminck's Stint,Calidris temminckii,,,,,,,,,,,,,,,,,,,,,,,,,,,,,,,,,,,,,,,,,,,
,Long-toed,Long-toed Stint,Calidris subminuta,,,,,,,,,,,,,,,,,,,,,,,,,,,,,,,,,,,,,,,,,,,
,WAGTAIL,,,,,,,,,,,,,,,,,,,,,,,,,,,,,,,,,,,,,,,,,,,,,
,Forest,Forest Wagtail,Dendronanthus indicus,2,5%,,,,,,,,,,1,,,,,,1,,,,,,,,,,,,,,,,,,,,,,,,,
,Grey,Grey Wagtail,Motacilla cinerea,26,65%,,1,1,1,1,,,1,1,,1,1,1,1,,,1,1,1,1,1,1,1,,1,,1,1,1,,,,1,1,1,1,,,1,,
,White,White Wagtail,Motacilla alba,1,3%,,,,,,,,,,,,,,,,,,,,,,,,,,,,,,?,,,,,1,,,,,,
,White-browed (Large Pied),White-browed Wagtail,Motacilla maderaspatensis,38,95%,1,1,1,1,1,1,,1,1,1,1,1,1,1,1,1,1,1,1,,1,1,1,1,1,1,1,1,1,1,1,1,1,1,1,1,1,1,1,1,
,Yellow,Yellow Wagtail,Motacilla flava,13,33%,,1,1,1,,,1,,,,1,1,,,,,,1,,1,,,,1,,,,,1,,1,,,,1,,,1,,,
,WARBLER,,,,,,,,,,,,,,,,,,,,,,,,,,,,,,,,,,,,,,,,,,,,,
,Blyth’s Reed,Blyth's Reed Warbler,Acrocephalus dumetorum,28,70%,1,1,1,1,1,,,1,,1,,1,1,1,,,1,1,1,,1,1,1,,1,,,1,1,,1,1,1,1,1,1,,1,1,1,
,Booted,Booted Warbler,Hippolais caligata,15,38%,,1,1,,?,,,1,,1,,1,1,1,,,,,,,1,1,,,,1,1,,1,,1,1,,,1,,,,,,
,Clamorous Reed,Clamorous Reed Warbler,Acrocephalus stentoreus,11,28%,,,,,1,1,,1,,1,,1,,,,1,,,1,,,,,,,,,1,1,,,,,,,,,,1,1,
,Greenish,Greenish Warbler,Phylloscopus trochiloides,28,70%,,1,1,,1,,,1,,1,,1,1,1,,1,1,1,1,,1,1,1,1,,1,1,1,1,1,1,,1,1,1,1,,,1,1,
,Hume’s,Hume's Warbler,Phylloscopus humei,1,3%,,,,,,,,,,,,,,,,,,1,,,,,,,,,,,,,,,,,,,,,,,
,Large-billed,Large-billed Leaf Warbler,Phylloscopus magnirostris,,,,,,,,,,,,,,,,,,,,,,,,,,,,,,,,,,,,,,,,,,,
,Paddyfield,Paddyfield Warbler,Acrocephalus agricola,,,,,,,,,,,,,,,,,,,,,,,,,,,,,,,,,,,,,,,,,,,
,Sykes's,Sykes's Warbler,Hippolais rama,2,5%,,,,,1,,,,,,,,,,,,,,,,,,,,,,,,,,,,,,,,,,,1,
,Sulphur-bellied,Sulphur-bellied Warbler,Phylloscopus griseolus,,,,,,,,,,,,,,,,,,,,,,,,,,,,,,,,,,,,,,,,,,,
,Yellow-browed,Yellow-browed Warbler,Phylloscopus inornatus,,,,,,,,,,,,,,,,,,,,,,,,,,,,,,,,,,,,,,,,,,,
,Tickell’s Leaf,Tickell's Leaf Warbler,Phylloscopus affinis,9,23%,,1,,,1,,,1,,,,,,,,,,,1,,,1,,,,,1,,1,,,,,1,1,,,,,,
,Thick-billed,Thick-billed Warbler,Acrocephalus aedon,,,,,,,,,,,,,,,,,,,,,,,,,,,,,,,,,,,,,,,,,,,
,Tytler’s Leaf,Tytler's Leaf Warbler,Phylloscopus tytleri,?,,,,,,,,,?,,,,,,,,,,,,,,,,,,,,,,,,,,,,,,,,,
,Western-crowned,Western Crowned Warbler,Phylloscopus occipitalis,,,,,,,,,,,,,,,,,,,,,,,,,,,,,,,,,,,,,,,,,,,
,"WHITETHROAT, LESSER",Lesser Whitethroat,Sylvia curruca,,,,,,,,,,,,,,,,,,,,,,,,,,,,,,,,,,,,,,,,,,,
,"WHITETHROAT, LESSER, HUME'S",Hume's Lesser Whitethroat,Sylvia althaea,1,3%,,,,,,,,,,?,,,,,,,,,,,,,,,,,,?,,,,,,,,,,,,1,
,"CISTICOLA, ZITTING ",Zitting Cisticola,Cisticola juncidis,13,33%,,1,1,,,1,,1,,,,,,1,,,1,,,,,1,1,,,,1,1,1,,,,1,,,,,,1,,
,(STREAKED FANTAIL WARBLER),,,,,,,,,,,,,,,,,,,,,,,,,,,,,,,,,,,,,,,,,,,,,
,WATERHEN,,,,,,,,,,,,,,,,,,,,,,,,,,,,,,,,,,,,,,,,,,,,,
,White-breasted,White-breasted Waterhen,Amaurornis phoenicurus,23,58%,,1,1,1,,1,,1,,1,,1,1,1,,1,1,,1,,1,1,,1,,,,,1,1,1,,,1,1,1,,1,1,,
,WEAVER,,,,,,,,,,,,,,,,,,,,,,,,,,,,,,,,,,,,,,,,,,,,,
,Baya,Baya Weaver,Ploceus philippinus,17,43%,1,1,1,,,1,,,,1,1,1,1,,,,1,,1,,,,,1,1,1,,,1,,1,,,,1,,,,1,,
,Streaked,Streaked Weaver,Ploceus manyar,1,3%,,,,,,1,,,,,,,,,,,,,,,,,,,,,,,,,,,,,,,,,,,
,WHITE-EYE,,,,,,,,,,,,,,,,,,,,,,,,,,,,,,,,,,,,,,,,,,,,,
,Oriental,Oriental White-eye,Zosterops palpebrosus,25,63%,,1,1,,1,,,1,,1,1,1,,1,1,,1,1,1,,1,1,1,1,1,,1,1,1,,,,1,1,,1,1,,,1,
,WOODPECKER,,,,,,,,,,,,,,,,,,,,,,,,,,,,,,,,,,,,,,,,,,,,,
,Brown-capped Pygmy,Brown-capped Pygmy Woodpecker,Dendrocopos nanus,3,8%,,,,,,,,,,1,,,,,,,,,,,,,,,,,,,,,1,,,,,,,1,,,
,Rufous,Rufous Woodpecker,Celeus brachyurus,1,3%,,,,,,,,1,,,,,,,,,,,,,,,,,,,,,,,,,,,,,,,,,
,Streak-throated,Streak-throated Woodpecker,Picus xanthopygaeus,,,,,,,,,,,,,,,,,,,,,,,,,,,,,,,,,,,,,,,,,,,
,White-naped (Black-backed),White-naped Woodpecker,Chrysocolaptes festivus,5,13%,,,,,,,,,,,,1,,1,,,1,,,,,,,,,,,,,,1,,,,,,,1,,,
,Yellow-crowed (Mahratta),Yellow-crowned Woodpecker,Dendrocopos mahrattensis,2,5%,,,,,,,,,,1,,,,,,,,,,,,,,,1,,,,,,,,,,,,,,,,
,"FLAMEBACK, BLACK-RUMPED",Black-rumped Flameback,Dinopium benghalense,11,28%,1,,,,,1,,,,1,,1,,,,1,1,,,,,,,1,1,,,,,,,,,1,,,,,1,1,
,(GOLDENBACKED WOODPECKER),Greater Flameback,Chrysocolaptes lucidus,,,,,,,,,,,,,,,,,,,,,,,,,,,,,,,,,,,,,,,,,,,
,"WRYNECK, EURASIAN",Eurasian Wryneck,Jynx torquilla,,,,,,,,,,,,,,,,,,,,,,,,,,,,,,,,,,,,,,,,,,,
,WOODSHRIKE,,,,,,,,,,,,,,,,,,,,,,,,,,,,,,,,,,,,,,,,,,,,,
,Common,Common Woodshrike,Tephrodornis pondicerianus,5,13%,1,,,,1,,,,,1,,,,,,,,,,,,,,1,1,,,,,,,,,,,,,,,,
,ADIITIONAL,,,,,,,,,,,,,,,,,,,,,,,,,,,,,,,,,,,,,,,,,,,,,
,Tawny Pipit,Tawny Pipit,Anthus campestris,?,,,,,,,,,,,,,,,,,,,,,,,,?,,,,,,,,,,,,,,,,,,
,Lesser Sand Plover,Lesser Sand Plover,Charadrius mongolus,,,,,,,,,,,,,,,,,,,,,,,,,,,,,,,,,,,,,,,,,,,
,Black Stork,Black Stork,Ciconia nigra,,,,,,,,,,,,,,,,,,,,,,,,,,,,,,,,,,,,,,,,,,,
,Grey-necked Bunting,Grey-necked Bunting,Emberiza buchanani,,,,,,,,,,,,,,,,,,,,,,,,,,,,,,,,,,,,,,,,,,,
,Orphean Warbler,Orphean Warbler,Sylvia hortensis,,,,,,,,,,,,,,,,,,,,,,,,,,,,,,,,,,,,,,,,,,,
,Grey-headed Canary Flycatcher,Grey-headed Canary-Flycatcher,Culicapa ceylonensis,2,5%,,,,,,,,1,,,,,,,,,,,,,,,,,,,,,,,,,,,1,,,,,,
,Bar-winged Flycatcher Shrike,Bar-winged Flycatcher-shrike,Hemipus picatus,?,,,,,,,,,,,,,,,,,?,,,,,,,,,,,,,,,,,,,,,,,,,
,,,,,,,,,,,,,,,,,,,,,,,,,,,,,,,,,,,,,,,,,,,,,,
,,,,,,,,,,,,,,,,,,,,,,,,,,,,,,,,,,,,,,,,,,,,,,
,,,,,,,,,,,,,,,,,,,,,,,,,,,,,,,,,,,,,,,,,,,,,,
,,,,,,,,,,,,,,,,,,,,,,,,,,,,,,,,,,,,,,,,,,,,,,
,,,,,,,,,,,,,,,,,,,,,,,,,,,,,,,,,,,,,,,,,,,,,,
,,,,,,,,,,,,,,,,,,,,,,,,,,,,,,,,,,,,,,,,,,,,,,
[1] Mike Prince: All Shaheen records have been entered as Peregrine to avoid counting as two separate species,,,,,,,,,,,,,,,,,,,,,,,,,,,,,,,,,,,,,,,,,,,,,,
[2] Mike Prince: Duplicate species,,,,,,,,,,,,,,,,,,,,,,,,,,,,,,,,,,,,,,,,,,,,,,
"[3] Mike Prince: Enter a number in the appropriate cell for team and species to indicate that the species was seen or heard (use 1 as default, although any numbers are accepted); enter ? to query an unconfirmed species. Species totals given are in the form ""seen/unconfirmed"".",,,,,,,,,,,,,,,,,,,,,,,,,,,,,,,,,,,,,,,,,,,,,,
Published by Google Drive – Report Abuse – Updated automatically every 5 minutes,,,,,,,,,,,,,,,,,,,,,,,,,,,,,,,,,,,,,,,,,,,,,,
